Name,
Adrian Mannarino,
Adrian Menendez-Maceiras,
Adrian Ungur,
Agustin Calleri,
Alan Mackin,
Albert Costa,
Albert Montanes,
Albert Portas,
Albert Ramos,
Alberto Martin,
Alejandro Falla,
Alejandro Gonzalez,
Aleksandr Nedovesov,
Alessio di Mauro,
Alex Calatrava,
Alex Corretja,
Alex Jr. Bogomolov,
Alex Kuznetsov,
Alexander Kudryavtsev,
Alexander Popp,
Alexander Waske,
Alexandr Dolgopolov,
Aljaz Bedene,
Alun Jones,
Amer Delic,
Amir Weintraub,
Andre Agassi,
Andrea Stoppini,
Andreas Beck,
Andreas Seppi,
Andrei Pavel,
Andrey Golubev,
Andrey Kuznetsov,
Andy Murray,
Andy Roddick,
Antonio Veic,
Antony Dupuis,
Arnau Brugues-Davi,
Arnaud Clement,
Benjamin Becker,
Benjamin Mitchell,
Benoit Paire,
Bernard Tomic,
Bjorn Phau,
Bjorn Rehnquist,
Blaz Kavcic,
Blaz Rola,
Bobby Reynolds,
Bohdan Ulihrach,
Boris Pashanski,
Bradley Klahn,
Brian Baker,
Brian Dabul,
Brian Vahaly,
Brian Wilson,
Brydan Klein,
Carlos Berlocq,
Carlos Moya,
Carsten Ball,
Cecil Mamiit,
Cedrik-Marcel Stebe,
Chris Guccione,
Christophe Rochus,
Colin Ebelthite,
Cyril Saulnier,
Damir Dzumhur,
Danai Udomchoke,
Daniel Brands,
Daniel Gimeno-Traver,
Daniel Koellerer,
Daniel Munoz-De La Nava,
Daniele Bracciali,
David Ferrer,
David Goffin,
David Guez,
David Nalbandian,
David Sanchez-Munoz,
Davide Sanguinetti,
Denis Gremelmayr,
Denis Istomin,
Denis Kudla,
Dennis Van Scheppingen,
Di Wu,
Dick Norman,
Diego Hartfield,
Diego Junqueira,
Dieter Kindlmann,
Dmitry Tursunov,
Dominic Thiem,
Dominik Hrbaty,
Donald Young,
Dudi Sela,
Dusan Lajovic,
Dustin Brown,
Edouard Roger-Vasselin,
Eduardo Schwank,
Eric Prodon,
Ernests Gulbis,
Evgeny Donskoy,
Evgeny Korolev,
Fabio Fognini,
Fabrice Santoro,
Federico Delbonis,
Federico Luzzi,
Feliciano Lopez,
Felix Mantilla,
Fernando Gonzalez,
Fernando Verdasco,
Fernando Vicente,
Filippo Volandri,
Flavio Cipolla,
Flavio Saretta,
Florent Serra,
Florian Mayer,
Frank Dancevic,
Frederico Gil,
Frederik Nielsen,
Gael Monfils,
Galo Blanco,
Gaston Gaudio,
Gilles Muller,
Gilles Simon,
Glenn Weiner,
Go Soeda,
Greg Jones,
Greg Rusedski,
Grega Zemlja,
Gregory Carraz,
Grigor Dimitrov,
Guido Pella,
Guillaume Rufin,
Guillermo Canas,
Guillermo Coria,
Guillermo Garcia-Lopez,
Gustavo Kuerten,
Harel Levy,
Hicham Arazi,
Horacio Zeballos,
Hyung-Taik Lee,
Igor Andreev,
Igor Kunitsyn,
Igor Sijsling,
Ilija Bozoljac,
Illya Marchenko,
Irakli Labadze,
Ivan Dodig,
Ivan Ljubicic,
Ivan Miranda,
Ivan Navarro,
Ivan Sergeyev,
Ivo Karlovic,
Ivo Minar,
Jack Sock,
Jacob Adaktusson,
James Blake,
James Duckworth,
James Ward,
Jamie Baker,
Jan Hajek,
Jan Hernych,
Jan Vacek,
Jan-Lennard Struff,
Jan-Michael Gambill,
Janko Tipsarevic,
Jarkko Nieminen,
Jason Murray Kubler,
Jean-Christophe Faurel,
Jean-Rene Lisnard,
Jeff Morrison,
Jeff Salzenstein,
Jeremy Chardy,
Jerome Golmard,
Jerome Haehnel,
Jerzy Janowicz,
Jesse Huta Galung,
Jesse Levine,
Jimmy Wang,
Jiri Novak,
Jiri Vanek,
Jiri Vesely,
Jo-Wilfried Tsonga,
Joachim Johansson,
Joao Sousa,
Joao Souza,
John Isner,
John Millman,
John van Lottum,
John-Patrick Smith,
Jonas Bjorkman,
Jordan Thompson,
Jose Acasuso,
Joseph Sirianni,
Josselin Ouanna,
Juan Carlos Ferrero,
Juan Ignacio Chela,
Juan Martin Del Potro,
Juan Monaco,
Juan-Antonio Marin,
Juan-Pablo Brzezicki,
Julian Reister,
Julien Benneteau,
Jurgen Melzer,
Jurgen Zopp,
Justin Gimelstob,
Karol Beck,
Karol Kucera,
Kei Nishikori,
Kenneth Carlsen,
Kenny de Schepper,
Kevin Anderson,
Kevin Kim,
Konstantinos Economidis,
Kristian Pless,
Kristof Vliegen,
Lamine Ouahab,
Lars Burgsmuller,
Leonardo Mayer,
Lleyton Hewitt,
Louk Sorensen,
Lucas Pouille,
Luis Horna,
Lukas Dlouhy,
Lukas Lacko,
Lukas Rosol,
Lukasz Kubot,
Luke Saville,
Marat Safin,
Marc Gicquel,
Marc Kimmich,
Marcel Granollers,
Marco Chiudinelli,
Marco Crugnola,
Marcos Baghdatis,
Marcos Daniel,
Mardy Fish,
Mariano Zabaleta,
Marin Cilic,
Marinko Matosevic,
Mario Ancic,
Mark Philippoussis,
Marsel Ilhan,
Martin Klizan,
Martin Slanar,
Martin Vassallo Arguello,
Martin Verkerk,
Mathieu Montcourt,
Matteo Viola,
Matthew Ebden,
Matthias Bachinger,
Max Mirnyi,
Maxime Authom,
Melle van Gemerden,
Michael Berrer,
Michael Lammer,
Michael Llodra,
Michael Russell,
Michal Przysiezny,
Michal Tabara,
Mikhail Kukushkin,
Mikhail Youzhny,
Milos Raonic,
Mischa Zverev,
Nathan Healey,
Nick Kyrgios,
Nick Lindahl,
Nicolas Almagro,
Nicolas Devilder,
Nicolas Escude,
Nicolas Kiefer,
Nicolas Lapentti,
Nicolas Mahut,
Nicolas Massu,
Nikolay Davydenko,
Novak Djokovic,
Oliver Marach,
Olivier Mutis,
Olivier Patience,
Olivier Rochus,
Oscar Hernandez,
Pablo Andujar,
Pablo Carreno-Busta,
Pablo Cuevas,
Paolo Lorenzi,
Paradorn Srichaphan,
Paul Baccanello,
Paul Capdeville,
Paul Goldstein,
Paul-Henri Mathieu,
Pavel Snobel,
Pere Riba,
Peter Gojowczyk,
Peter Luczak,
Peter Polansky,
Peter Wessels,
Philipp Kohlschreiber,
Philipp Petzschner,
Potito Starace,
Radek Stepanek,
Raemon Sluiter,
Rafael Nadal,
Rainer Schuettler,
Rajeev Ram,
Razvan Sabau,
Rhyne Williams,
Ricardo Hocevar,
Ricardo Mello,
Richard Berankis,
Richard Gasquet,
Rik de Voest,
Robby Ginepri,
Robert Kendrick,
Robert Smeets,
Roberto Bautista-Agut,
Robin Haase,
Robin Soderling,
Robin Vik,
Roger Federer,
Roko Karanusic,
Ruben Bemelmans,
Ruben Ramirez-Hidalgo,
Rui Machado,
Ryan Harrison,
Ryan Sweeting,
Sam Querrey,
Sam Warburg,
Samuel Groth,
Santiago Giraldo,
Santiago Ventura,
Sargis Sargsian,
Scott Draper,
Sebastien Grosjean,
Sebastien de Chaunac,
Sergio Roitman,
Sergiy Stakhovsky,
Simon Greul,
Simon Stadler,
Simone Bolelli,
Sjeng Schalken,
Somdev Devvarman,
Stanislas Wawrinka,
Stefan Koubek,
Stephane Robert,
Steve Darcis,
Steve Johnson,
Takao Suzuki,
Tatsuma Ito,
Taylor Dent,
Teimuraz Gabashvili,
Thanasi Kokkinakis,
Thiemo de Bakker,
Thierry Ascione,
Thomas Enqvist,
Thomas Johansson,
Thomaz Bellucci,
Tim Henman,
Tim Smyczek,
Tobias Kamke,
Todd Larkham,
Todd Martin,
Todd Reid,
Tomas Behrend,
Tomas Berdych,
Tomas Zib,
Tommy Haas,
Tommy Robredo,
Vadim Kutsenko,
Victor Hanescu,
Viktor Troicki,
Vince Spadea,
Vincent Millot,
Wayne Arthurs,
Wayne Ferreira,
Wayne Odesnik,
Werner Eschauer,
Wesley Moodie,
Xavier Malisse,
Yen-Hsun Lu,
Younes El Aynaoui,
Zack Fleishman,
Ze Zhang,
